Datetime,Water Level (m)
2025-07-03 00:00:00,0.3361021
2025-07-03 01:00:00,0.11728179
2025-07-03 02:00:00,0.028708583
2025-07-03 03:00:00,0.03271615
2025-07-03 04:00:00,0.12037248
2025-07-03 05:00:00,0.29941154
2025-07-03 06:00:00,0.5244286
2025-07-03 07:00:00,0.71013314
2025-07-03 08:00:00,0.80126137
2025-07-03 09:00:00,0.7791776
2025-07-03 10:00:00,0.68146235
2025-07-03 11:00:00,0.5014477
2025-07-03 12:00:00,0.26178223
2025-07-03 13:00:00,0.036544632
2025-07-03 14:00:00,-0.10961042
2025-07-03 15:00:00,-0.16638753
2025-07-03 16:00:00,-0.12440119
2025-07-03 17:00:00,-0.0018911655
2025-07-03 18:00:00,0.20494266
2025-07-03 19:00:00,0.43011358
2025-07-03 20:00:00,0.6086035
2025-07-03 21:00:00,0.70022506
2025-07-03 22:00:00,0.70889556
2025-07-03 23:00:00,0.64492315
2025-07-04 00:00:00,0.50898916
2025-07-04 01:00:00,0.33684093
2025-07-04 02:00:00,0.19341472
2025-07-04 03:00:00,0.1171348
2025-07-04 04:00:00,0.10808922
2025-07-04 05:00:00,0.18352713
2025-07-04 06:00:00,0.31337875
2025-07-04 07:00:00,0.47787452
2025-07-04 08:00:00,0.6181633
2025-07-04 09:00:00,0.68893945
2025-07-04 10:00:00,0.67070466
2025-07-04 11:00:00,0.59129316
2025-07-04 12:00:00,0.43607616
2025-07-04 13:00:00,0.23787771
2025-07-04 14:00:00,0.05597919
2025-07-04 15:00:00,-0.08887471
2025-07-04 16:00:00,-0.15082158
2025-07-04 17:00:00,-0.10128538
2025-07-04 18:00:00,0.0048629306
2025-07-04 19:00:00,0.20039423
2025-07-04 20:00:00,0.42789024
2025-07-04 21:00:00,0.5985481
2025-07-04 22:00:00,0.70001066
2025-07-04 23:00:00,0.7282947
2025-07-05 00:00:00,0.68404233
2025-07-05 01:00:00,0.5616938
2025-07-05 02:00:00,0.3899276
2025-07-05 03:00:00,0.25184768
2025-07-05 04:00:00,0.15129454
2025-07-05 05:00:00,0.11009485
2025-07-05 06:00:00,0.15817387
2025-07-05 07:00:00,0.2626258
2025-07-05 08:00:00,0.40023375
2025-07-05 09:00:00,0.5168795
2025-07-05 10:00:00,0.58964485
2025-07-05 11:00:00,0.5889345
2025-07-05 12:00:00,0.52647185
2025-07-05 13:00:00,0.37588072
2025-07-05 14:00:00,0.18733144
2025-07-05 15:00:00,-0.007853175
2025-07-05 16:00:00,-0.14426984
2025-07-05 17:00:00,-0.19109006
2025-07-05 18:00:00,-0.15445045
2025-07-05 19:00:00,-0.02917423
2025-07-05 20:00:00,0.18544042
2025-07-05 21:00:00,0.4269393
2025-07-05 22:00:00,0.6181665
2025-07-05 23:00:00,0.73332053
2025-07-06 00:00:00,0.78205365
2025-07-06 01:00:00,0.7354119
2025-07-06 02:00:00,0.5998809
2025-07-06 03:00:00,0.4248909
2025-07-06 04:00:00,0.2617184
2025-07-06 05:00:00,0.14294928
2025-07-06 06:00:00,0.074571535
2025-07-06 07:00:00,0.10446731
2025-07-06 08:00:00,0.20248201
2025-07-06 09:00:00,0.33842716
2025-07-06 10:00:00,0.48035568
2025-07-06 11:00:00,0.56627166
2025-07-06 12:00:00,0.59126526
2025-07-06 13:00:00,0.52942485
2025-07-06 14:00:00,0.38292667
2025-07-06 15:00:00,0.18128096
2025-07-06 16:00:00,-0.022295421
2025-07-06 17:00:00,-0.17314343
2025-07-06 18:00:00,-0.22307663
2025-07-06 19:00:00,-0.1711276
2025-07-06 20:00:00,-0.017048907
2025-07-06 21:00:00,0.22353962
2025-07-06 22:00:00,0.47458622
2025-07-06 23:00:00,0.6935998
2025-07-07 00:00:00,0.83608526
2025-07-07 01:00:00,0.8817125
2025-07-07 02:00:00,0.8245078
2025-07-07 03:00:00,0.6659128
2025-07-07 04:00:00,0.44921747
2025-07-07 05:00:00,0.24436988
2025-07-07 06:00:00,0.07874066
2025-07-07 07:00:00,0.0034171857
2025-07-07 08:00:00,0.037881933
2025-07-07 09:00:00,0.15467435
2025-07-07 10:00:00,0.32470793
2025-07-07 11:00:00,0.48213553
2025-07-07 12:00:00,0.5739197
2025-07-07 13:00:00,0.6031373
2025-07-07 14:00:00,0.53736424
2025-07-07 15:00:00,0.3680838
2025-07-07 16:00:00,0.14042069
2025-07-07 17:00:00,-0.088779956
2025-07-07 18:00:00,-0.24288763
2025-07-07 19:00:00,-0.30255654
2025-07-07 20:00:00,-0.23080027
2025-07-07 21:00:00,-0.027962863
2025-07-07 22:00:00,0.25286266
2025-07-07 23:00:00,0.5537959
2025-07-08 00:00:00,0.8107021
2025-07-08 01:00:00,0.96143794
2025-07-08 02:00:00,0.99862635
2025-07-08 03:00:00,0.89828444
2025-07-08 04:00:00,0.6826504
2025-07-08 05:00:00,0.42117584
2025-07-08 06:00:00,0.16726203
2025-07-08 07:00:00,-0.0031942392
2025-07-08 08:00:00,-0.069756195
2025-07-08 09:00:00,-0.023116373
2025-07-08 10:00:00,0.13500606
2025-07-08 11:00:00,0.35330686
2025-07-08 12:00:00,0.5522676
2025-07-08 13:00:00,0.6654707
2025-07-08 14:00:00,0.6739359
2025-07-08 15:00:00,0.58146876
2025-07-08 16:00:00,0.35988277
2025-07-08 17:00:00,0.07709022
2025-07-08 18:00:00,-0.17098701
2025-07-08 19:00:00,-0.33150434
2025-07-08 20:00:00,-0.35249296
2025-07-08 21:00:00,-0.21841924
2025-07-08 22:00:00,0.03138216
2025-07-08 23:00:00,0.35455078
2025-07-09 00:00:00,0.70783496
